Metric,Value
design__lint_error__count,0
design__lint_timing_construct__count,0
design__lint_warning__count,1
design__inferred_latch__count,0
design__instance__count,15772
design__instance_unmapped__count,0
synthesis__check_error__count,0
design__max_slew_violation__count__corner:nom_tt_025C_1v80,0
design__max_fanout_violation__count__corner:nom_tt_025C_1v80,3
design__max_cap_violation__count__corner:nom_tt_025C_1v80,0
power__internal__total,0.003418064909055829
power__switching__total,0.0025697650853544474
power__leakage__total,1.445187933768466E-7
power__total,0.005987974349409342
clock__skew__worst_hold__corner:nom_tt_025C_1v80,-0.5188863929841008
clock__skew__worst_setup__corner:nom_tt_025C_1v80,0.4598603294986599
timing__hold__ws__corner:nom_tt_025C_1v80,0.33518871960084373
timing__setup__ws__corner:nom_tt_025C_1v80,4.364134954717887
timing__hold__tns__corner:nom_tt_025C_1v80,0.0
timing__setup__tns__corner:nom_tt_025C_1v80,0.0
timing__hold__wns__corner:nom_tt_025C_1v80,0
timing__setup__wns__corner:nom_tt_025C_1v80,0.0
timing__hold_vio__count__corner:nom_tt_025C_1v80,0
timing__hold_r2r__ws__corner:nom_tt_025C_1v80,0.335189
timing__hold_r2r_vio__count__corner:nom_tt_025C_1v80,0
timing__setup_vio__count__corner:nom_tt_025C_1v80,0
timing__setup_r2r__ws__corner:nom_tt_025C_1v80,8.878813
timing__setup_r2r_vio__count__corner:nom_tt_025C_1v80,0
design__max_slew_violation__count__corner:nom_ss_100C_1v60,0
design__max_fanout_violation__count__corner:nom_ss_100C_1v60,3
design__max_cap_violation__count__corner:nom_ss_100C_1v60,0
clock__skew__worst_hold__corner:nom_ss_100C_1v60,-0.809887402287881
clock__skew__worst_setup__corner:nom_ss_100C_1v60,0.7278191588750288
timing__hold__ws__corner:nom_ss_100C_1v60,0.059817930080150336
timing__setup__ws__corner:nom_ss_100C_1v60,0.30993697374733253
timing__hold__tns__corner:nom_ss_100C_1v60,0.0
timing__setup__tns__corner:nom_ss_100C_1v60,0.0
timing__hold__wns__corner:nom_ss_100C_1v60,0
timing__setup__wns__corner:nom_ss_100C_1v60,0.0
timing__hold_vio__count__corner:nom_ss_100C_1v60,0
timing__hold_r2r__ws__corner:nom_ss_100C_1v60,0.789502
timing__hold_r2r_vio__count__corner:nom_ss_100C_1v60,0
timing__setup_vio__count__corner:nom_ss_100C_1v60,0
timing__setup_r2r__ws__corner:nom_ss_100C_1v60,5.298398
timing__setup_r2r_vio__count__corner:nom_ss_100C_1v60,0
design__max_slew_violation__count__corner:nom_ff_n40C_1v95,0
design__max_fanout_violation__count__corner:nom_ff_n40C_1v95,3
design__max_cap_violation__count__corner:nom_ff_n40C_1v95,0
clock__skew__worst_hold__corner:nom_ff_n40C_1v95,-0.3914441659388229
clock__skew__worst_setup__corner:nom_ff_n40C_1v95,0.34481107833856006
timing__hold__ws__corner:nom_ff_n40C_1v95,0.1757558037742921
timing__setup__ws__corner:nom_ff_n40C_1v95,5.88622278690634
timing__hold__tns__corner:nom_ff_n40C_1v95,0.0
timing__setup__tns__corner:nom_ff_n40C_1v95,0.0
timing__hold__wns__corner:nom_ff_n40C_1v95,0
timing__setup__wns__corner:nom_ff_n40C_1v95,0.0
timing__hold_vio__count__corner:nom_ff_n40C_1v95,0
timing__hold_r2r__ws__corner:nom_ff_n40C_1v95,0.175756
timing__hold_r2r_vio__count__corner:nom_ff_n40C_1v95,0
timing__setup_vio__count__corner:nom_ff_n40C_1v95,0
timing__setup_r2r__ws__corner:nom_ff_n40C_1v95,10.306697
timing__setup_r2r_vio__count__corner:nom_ff_n40C_1v95,0
design__max_slew_violation__count,0
design__max_fanout_violation__count,3
design__max_cap_violation__count,0
clock__skew__worst_hold,-0.3861257534112436
clock__skew__worst_setup,0.34205805822653634
timing__hold__ws,0.030506487088827503
timing__setup__ws,0.2851550187799781
timing__hold__tns,0.0
timing__setup__tns,0.0
timing__hold__wns,0
timing__setup__wns,0.0
timing__hold_vio__count,0
timing__hold_r2r__ws,0.175756
timing__hold_r2r_vio__count,0
timing__setup_vio__count,0
timing__setup_r2r__ws,5.298392
timing__setup_r2r_vio__count,0
design__die__bbox,0.0 0.0 1500.0 1500.0
design__core__bbox,5.52 10.88 1494.08 1487.84
design__io,31
design__die__area,2.25E+6
design__core__area,2.19854E+6
design__instance__area,1.06309E+6
design__instance__count__stdcell,15768
design__instance__area__stdcell,20767.4
design__instance__count__macros,4
design__instance__area__macros,1.04232E+6
design__instance__utilization,0.483542
design__instance__utilization__stdcell,0.0179614
design__instance__count__class:macro,4
flow__warnings__count,1
flow__errors__count,0
design__instance__count__class:fill_cell,95778
design__instance__count__class:tap_cell,15605
design__power_grid_violation__count__net:vssd1,0
design__power_grid_violation__count__net:vccd1,0
design__power_grid_violation__count,0
timing__drv__floating__nets,0
timing__drv__floating__pins,0
design__instance__displacement__total,0
design__instance__displacement__mean,0
design__instance__displacement__max,0
route__wirelength__estimated,48424.3
design__violations,0
design__instance__count__class:timing_repair_buffer,122
design__instance__count__class:clock_buffer,3
design__instance__count__class:clock_inverter,1
design__instance__count__setup_buffer,0
design__instance__count__hold_buffer,0
antenna__violating__nets,0
antenna__violating__pins,0
route__antenna_violation__count,0
antenna_diodes_count,37
design__instance__count__class:antenna_cell,37
route__net,177
route__net__special,2
route__drc_errors__iter:1,2
route__wirelength__iter:1,48787
route__drc_errors__iter:2,1
route__wirelength__iter:2,48754
route__drc_errors__iter:3,0
route__wirelength__iter:3,48754
route__drc_errors__iter:4,0
route__wirelength__iter:4,48651
route__drc_errors,0
route__wirelength,48754
route__vias,834
route__vias__singlecut,834
route__vias__multicut,0
design__disconnected_pin__count,0
design__critical_disconnected_pin__count,0
route__wirelength__max,1778.86
timing__unannotated_net__count__corner:nom_tt_025C_1v80,149
timing__unannotated_net_filtered__count__corner:nom_tt_025C_1v80,0
timing__unannotated_net__count__corner:nom_ss_100C_1v60,149
timing__unannotated_net_filtered__count__corner:nom_ss_100C_1v60,0
timing__unannotated_net__count__corner:nom_ff_n40C_1v95,149
timing__unannotated_net_filtered__count__corner:nom_ff_n40C_1v95,0
design__max_slew_violation__count__corner:min_tt_025C_1v80,0
design__max_fanout_violation__count__corner:min_tt_025C_1v80,3
design__max_cap_violation__count__corner:min_tt_025C_1v80,0
clock__skew__worst_hold__corner:min_tt_025C_1v80,-0.5106911149625982
clock__skew__worst_setup__corner:min_tt_025C_1v80,0.4590642440563376
timing__hold__ws__corner:min_tt_025C_1v80,0.33518866408969095
timing__setup__ws__corner:min_tt_025C_1v80,4.362702322886394
timing__hold__tns__corner:min_tt_025C_1v80,0.0
timing__setup__tns__corner:min_tt_025C_1v80,0.0
timing__hold__wns__corner:min_tt_025C_1v80,0
timing__setup__wns__corner:min_tt_025C_1v80,0.0
timing__hold_vio__count__corner:min_tt_025C_1v80,0
timing__hold_r2r__ws__corner:min_tt_025C_1v80,0.335189
timing__hold_r2r_vio__count__corner:min_tt_025C_1v80,0
timing__setup_vio__count__corner:min_tt_025C_1v80,0
timing__setup_r2r__ws__corner:min_tt_025C_1v80,8.878818
timing__setup_r2r_vio__count__corner:min_tt_025C_1v80,0
timing__unannotated_net__count__corner:min_tt_025C_1v80,149
timing__unannotated_net_filtered__count__corner:min_tt_025C_1v80,0
design__max_slew_violation__count__corner:min_ss_100C_1v60,0
design__max_fanout_violation__count__corner:min_ss_100C_1v60,3
design__max_cap_violation__count__corner:min_ss_100C_1v60,0
clock__skew__worst_hold__corner:min_ss_100C_1v60,-0.7966162954765404
clock__skew__worst_setup__corner:min_ss_100C_1v60,0.7234728021441515
timing__hold__ws__corner:min_ss_100C_1v60,0.08737832926751146
timing__setup__ws__corner:min_ss_100C_1v60,0.3241638160764517
timing__hold__tns__corner:min_ss_100C_1v60,0.0
timing__setup__tns__corner:min_ss_100C_1v60,0.0
timing__hold__wns__corner:min_ss_100C_1v60,0
timing__setup__wns__corner:min_ss_100C_1v60,0.0
timing__hold_vio__count__corner:min_ss_100C_1v60,0
timing__hold_r2r__ws__corner:min_ss_100C_1v60,0.789502
timing__hold_r2r_vio__count__corner:min_ss_100C_1v60,0
timing__setup_vio__count__corner:min_ss_100C_1v60,0
timing__setup_r2r__ws__corner:min_ss_100C_1v60,5.298406
timing__setup_r2r_vio__count__corner:min_ss_100C_1v60,0
timing__unannotated_net__count__corner:min_ss_100C_1v60,149
timing__unannotated_net_filtered__count__corner:min_ss_100C_1v60,0
design__max_slew_violation__count__corner:min_ff_n40C_1v95,0
design__max_fanout_violation__count__corner:min_ff_n40C_1v95,3
design__max_cap_violation__count__corner:min_ff_n40C_1v95,0
clock__skew__worst_hold__corner:min_ff_n40C_1v95,-0.3861257534112436
clock__skew__worst_setup__corner:min_ff_n40C_1v95,0.3453308847733907
timing__hold__ws__corner:min_ff_n40C_1v95,0.1757558592854449
timing__setup__ws__corner:min_ff_n40C_1v95,5.881986175724551
timing__hold__tns__corner:min_ff_n40C_1v95,0.0
timing__setup__tns__corner:min_ff_n40C_1v95,0.0
timing__hold__wns__corner:min_ff_n40C_1v95,0
timing__setup__wns__corner:min_ff_n40C_1v95,0.0
timing__hold_vio__count__corner:min_ff_n40C_1v95,0
timing__hold_r2r__ws__corner:min_ff_n40C_1v95,0.175756
timing__hold_r2r_vio__count__corner:min_ff_n40C_1v95,0
timing__setup_vio__count__corner:min_ff_n40C_1v95,0
timing__setup_r2r__ws__corner:min_ff_n40C_1v95,10.306702
timing__setup_r2r_vio__count__corner:min_ff_n40C_1v95,0
timing__unannotated_net__count__corner:min_ff_n40C_1v95,149
timing__unannotated_net_filtered__count__corner:min_ff_n40C_1v95,0
design__max_slew_violation__count__corner:max_tt_025C_1v80,0
design__max_fanout_violation__count__corner:max_tt_025C_1v80,3
design__max_cap_violation__count__corner:max_tt_025C_1v80,0
clock__skew__worst_hold__corner:max_tt_025C_1v80,-0.5249925087699294
clock__skew__worst_setup__corner:max_tt_025C_1v80,0.45743365945395453
timing__hold__ws__corner:max_tt_025C_1v80,0.3351887751119965
timing__setup__ws__corner:max_tt_025C_1v80,4.362476725561409
timing__hold__tns__corner:max_tt_025C_1v80,0.0
timing__setup__tns__corner:max_tt_025C_1v80,0.0
timing__hold__wns__corner:max_tt_025C_1v80,0
timing__setup__wns__corner:max_tt_025C_1v80,0.0
timing__hold_vio__count__corner:max_tt_025C_1v80,0
timing__hold_r2r__ws__corner:max_tt_025C_1v80,0.335189
timing__hold_r2r_vio__count__corner:max_tt_025C_1v80,0
timing__setup_vio__count__corner:max_tt_025C_1v80,0
timing__setup_r2r__ws__corner:max_tt_025C_1v80,8.878809
timing__setup_r2r_vio__count__corner:max_tt_025C_1v80,0
timing__unannotated_net__count__corner:max_tt_025C_1v80,149
timing__unannotated_net_filtered__count__corner:max_tt_025C_1v80,0
design__max_slew_violation__count__corner:max_ss_100C_1v60,0
design__max_fanout_violation__count__corner:max_ss_100C_1v60,3
design__max_cap_violation__count__corner:max_ss_100C_1v60,0
clock__skew__worst_hold__corner:max_ss_100C_1v60,-0.8156273665098328
clock__skew__worst_setup__corner:max_ss_100C_1v60,0.7236037529536097
timing__hold__ws__corner:max_ss_100C_1v60,0.030506487088827503
timing__setup__ws__corner:max_ss_100C_1v60,0.2851550187799781
timing__hold__tns__corner:max_ss_100C_1v60,0.0
timing__setup__tns__corner:max_ss_100C_1v60,0.0
timing__hold__wns__corner:max_ss_100C_1v60,0
timing__setup__wns__corner:max_ss_100C_1v60,0.0
timing__hold_vio__count__corner:max_ss_100C_1v60,0
timing__hold_r2r__ws__corner:max_ss_100C_1v60,0.789502
timing__hold_r2r_vio__count__corner:max_ss_100C_1v60,0
timing__setup_vio__count__corner:max_ss_100C_1v60,0
timing__setup_r2r__ws__corner:max_ss_100C_1v60,5.298392
timing__setup_r2r_vio__count__corner:max_ss_100C_1v60,0
timing__unannotated_net__count__corner:max_ss_100C_1v60,149
timing__unannotated_net_filtered__count__corner:max_ss_100C_1v60,0
design__max_slew_violation__count__corner:max_ff_n40C_1v95,0
design__max_fanout_violation__count__corner:max_ff_n40C_1v95,3
design__max_cap_violation__count__corner:max_ff_n40C_1v95,0
clock__skew__worst_hold__corner:max_ff_n40C_1v95,-0.3954209294143496
clock__skew__worst_setup__corner:max_ff_n40C_1v95,0.34205805822653634
timing__hold__ws__corner:max_ff_n40C_1v95,0.1757558037742921
timing__setup__ws__corner:max_ff_n40C_1v95,5.889074727892655
timing__hold__tns__corner:max_ff_n40C_1v95,0.0
timing__setup__tns__corner:max_ff_n40C_1v95,0.0
timing__hold__wns__corner:max_ff_n40C_1v95,0
timing__setup__wns__corner:max_ff_n40C_1v95,0.0
timing__hold_vio__count__corner:max_ff_n40C_1v95,0
timing__hold_r2r__ws__corner:max_ff_n40C_1v95,0.175756
timing__hold_r2r_vio__count__corner:max_ff_n40C_1v95,0
timing__setup_vio__count__corner:max_ff_n40C_1v95,0
timing__setup_r2r__ws__corner:max_ff_n40C_1v95,10.306692
timing__setup_r2r_vio__count__corner:max_ff_n40C_1v95,0
timing__unannotated_net__count__corner:max_ff_n40C_1v95,149
timing__unannotated_net_filtered__count__corner:max_ff_n40C_1v95,0
timing__unannotated_net__count,149
timing__unannotated_net_filtered__count,0
design_powergrid__voltage__worst__net:vccd1__corner:nom_tt_025C_1v80,1.79988
design_powergrid__drop__average__net:vccd1__corner:nom_tt_025C_1v80,1.8
design_powergrid__drop__worst__net:vccd1__corner:nom_tt_025C_1v80,0.000118361
design_powergrid__voltage__worst__net:vssd1__corner:nom_tt_025C_1v80,0.000147241
design_powergrid__drop__average__net:vssd1__corner:nom_tt_025C_1v80,5.51659E-8
design_powergrid__drop__worst__net:vssd1__corner:nom_tt_025C_1v80,0.000147241
design_powergrid__voltage__worst,0.000147241
design_powergrid__voltage__worst__net:vccd1,1.79988
design_powergrid__drop__worst,0.000147241
design_powergrid__drop__worst__net:vccd1,0.000118361
design_powergrid__voltage__worst__net:vssd1,0.000147241
design_powergrid__drop__worst__net:vssd1,0.000147241
ir__voltage__worst,1.8000000000000000444089209850062616169452667236328125
ir__drop__avg,5.350000000000000260828210700732310289851056950283236801624298095703125E-8
ir__drop__worst,0.0001179999999999999950837936690817286944366060197353363037109375
magic__drc_error__count,0
klayout__drc_error__count,0
magic__illegal_overlap__count,0
design__lvs_device_difference__count,0
design__lvs_net_difference__count,0
design__lvs_property_fail__count,0
design__lvs_error__count,0
design__lvs_unmatched_device__count,0
design__lvs_unmatched_net__count,0
design__lvs_unmatched_pin__count,0
